Scaling,C,Fold,ROC-AUC,Average precision,Log loss,Seconds,Iterations,Convergence warnings,Other warnings
No scaling,1.0,1,0.6838368914903272,0.35373278803963965,0.4654592452662053,3.1439864049998505,2000,1,
No scaling,1.0,2,0.6822618781241483,0.3539768637059705,0.46458624306715485,3.044435181999688,2000,1,
No scaling,1.0,3,0.6712500287538399,0.3384896482822922,0.46915069389988523,2.7252172190001147,2000,1,Found unknown categories in columns [1] during transform. These unknown categories will be encoded as all zeros
No scaling,1.0,4,0.6666794961663888,0.32983197883206883,0.4712979048600505,2.815854064000632,2000,1,
No scaling,1.0,5,0.6765607652419245,0.3469909995388087,0.46726821938218743,2.753346681000039,2000,1,
Standardization,1.0,1,0.701145134745722,0.36784981326578237,0.45766049915875945,0.29456951200063486,163,0,
Standardization,1.0,2,0.6931914740856453,0.3611960843390066,0.4608837241734003,0.34138000500024646,181,0,
Standardization,1.0,3,0.6956688352289957,0.37039859756721116,0.4591490376567832,0.29227053799968417,176,0,Found unknown categories in columns [1] during transform. These unknown categories will be encoded as all zeros
Standardization,1.0,4,0.6789832766600342,0.3396191194505084,0.46698357355685055,0.3400042390003364,160,0,
Standardization,1.0,5,0.6914894265474858,0.35796143000813285,0.4628037532507358,0.4824863069998173,165,0,
Min-max,1.0,1,0.698931960398469,0.3646346356156698,0.4584650544027351,0.2787203910002063,125,0,
Min-max,1.0,2,0.689776389228707,0.35910799343431843,0.46195549752351217,0.3036021210000399,119,0,
Min-max,1.0,3,0.6937344859963571,0.36802335336993586,0.46000524396589115,0.27170163999926444,124,0,Found unknown categories in columns [1] during transform. These unknown categories will be encoded as all zeros
Min-max,1.0,4,0.6763742440536575,0.3365941154466213,0.46769262809879897,0.22709832300006383,120,0,
Min-max,1.0,5,0.6882097187814298,0.35551012448144587,0.46348267209957567,0.42474934500023664,128,0,
Standardization,0.01,1,0.6999153417245751,0.3662228249780184,0.4588895544637218,0.18543314700036717,32,0,
Standardization,0.01,2,0.6926913315363055,0.36112090244651707,0.46117201750752845,0.14393049299997074,33,0,
Standardization,0.01,3,0.6949696812540996,0.37392515467224346,0.4596121737696279,0.1552973509997173,30,0,Found unknown categories in columns [1] during transform. These unknown categories will be encoded as all zeros
Standardization,0.01,4,0.6792706342329947,0.34002559227611784,0.4665452882757004,0.12716250799985573,33,0,
Standardization,0.01,5,0.6907820044496885,0.35853686695218395,0.4630504668415818,0.12381319199994323,33,0,
Standardization,0.1,1,0.7008056651686787,0.36710348993134845,0.4579694215516464,0.20598521099964273,80,0,
Standardization,0.1,2,0.6927603407521725,0.36107429019271553,0.46099111582376495,0.199248606000765,79,0,
Standardization,0.1,3,0.6952284658136012,0.3728787645470104,0.45913818057614936,0.1717562160001762,81,0,Found unknown categories in columns [1] during transform. These unknown categories will be encoded as all zeros
Standardization,0.1,4,0.6787074133899922,0.3393489632731575,0.4670281949309359,0.17382771599932312,77,0,
Standardization,0.1,5,0.6915388868812561,0.35815419492868156,0.4627177062544773,0.1676347970005736,78,0,
Standardization,10.0,1,0.7012049078796675,0.36829620567950233,0.45758652611111006,0.45020569099960994,303,0,
Standardization,10.0,2,0.6934199364139326,0.3610831245800531,0.4608348444667854,0.44878332400003274,263,0,
Standardization,10.0,3,0.6958939865090469,0.3684370153174999,0.45927732554326484,0.49264383900026587,266,0,Found unknown categories in columns [1] during transform. These unknown categories will be encoded as all zeros
Standardization,10.0,4,0.6789404342582473,0.3399393832160404,0.4669633474004154,0.5350297549994139,281,0,
Standardization,10.0,5,0.6915611788626735,0.3575675560436978,0.4630426441397761,0.38648602400007803,237,0,
Min-max,0.01,1,0.6768272281089174,0.3478865513499062,0.46800191273766284,0.14260699399983423,28,0,
Min-max,0.01,2,0.6719214744829711,0.3414069995451103,0.46990608697174063,0.11097581900048681,25,0,
Min-max,0.01,3,0.6761381815444263,0.35074377371977306,0.4682744306152213,0.1190464069995869,29,0,Found unknown categories in columns [1] during transform. These unknown categories will be encoded as all zeros
Min-max,0.01,4,0.6545780850665495,0.3194384439888759,0.47482244712477345,0.12025129699941317,29,0,
Min-max,0.01,5,0.6699583331519208,0.33832302516922863,0.4697724392622519,0.13035932799994043,28,0,
Min-max,0.1,1,0.6909744658930664,0.35965228960642986,0.4616954987737207,0.2214281509995999,61,0,
Min-max,0.1,2,0.6822008851303264,0.3517312827487807,0.4648565332898371,0.17822225500003697,62,0,
Min-max,0.1,3,0.6867847700145896,0.36143446866921536,0.4629153881239643,0.17612770300002012,66,0,Found unknown categories in columns [1] during transform. These unknown categories will be encoded as all zeros
Min-max,0.1,4,0.66885731825722,0.3283850233419495,0.4701439045145987,0.15498636799929955,62,0,
Min-max,0.1,5,0.680429817266707,0.34809821938380436,0.46502208667456374,0.17045567599961942,65,0,
Min-max,10.0,1,0.7013399637945589,0.36750683507928095,0.4577207581044128,0.3688928699993994,223,0,
Min-max,10.0,2,0.6927204339076434,0.36060300397689315,0.4610408157869521,0.43489162900004885,223,0,
Min-max,10.0,3,0.6962629069888213,0.3687413755367124,0.45919450030600734,0.48247845500009134,263,0,Found unknown categories in columns [1] during transform. These unknown categories will be encoded as all zeros
Min-max,10.0,4,0.6784604600333508,0.3395708565459883,0.467069783823598,0.5312812689999191,238,0,
Min-max,10.0,5,0.6906762916940599,0.35671139895671017,0.4634570323037635,0.39028321700061497,222,0,
