Scaling,C,CV ROC-AUC,Fold SD,CV average precision,CV log loss,Mean seconds,Mean iterations,Convergence warnings
No scaling,1.0,0.6761178119553257,0.007250983791821313,0.34460445567975595,0.46755246129509664,2.8965679102000648,2000.0,5
Standardization,1.0,0.6920956294535766,0.008187849210100342,0.35940500892612826,0.46149611755930586,0.35014212020014385,169.0,0
Min-max,1.0,0.689405359691724,0.008379657666986822,0.35677404446959826,0.46232021921810257,0.3011743639999622,123.2,0
Standardization,0.01,0.6915257986395327,0.007654173894031313,0.35996626826501615,0.4618539001716321,0.14712733819997084,32.2,0
Standardization,0.1,0.6918081544011401,0.008143437680975318,0.35971194057458267,0.4615689238273948,0.18369050920009614,79.0,0
Standardization,10.0,0.6922040887847135,0.008252972791953694,0.3590646569673587,0.4615409375322703,0.4626297265998801,270.0,0
Min-max,0.01,0.669884660470957,0.009024287517835532,0.3395597587545788,0.47015546334233005,0.12464796899985231,27.8,0
Min-max,0.1,0.6818494513123818,0.008345023212447216,0.34986025675003596,0.46492668227533696,0.1802440305997152,63.2,0
Min-max,10.0,0.6918920112836868,0.008528472358338075,0.358626694019117,0.46169657806494674,0.4415654880000147,233.8,0
