Feature,Coefficient,Odds multiplier
num__loan_amnt,0.18613971918228397,1.2045905530275562
num__annual_inc,-0.21725465074258032,0.8047250193870247
num__dti,0.19562172428890245,1.2160668097811043
num__fico_range_low,-0.3657088450652061,0.6937047473700053
num__open_acc,0.1582985190602902,1.1715158623281854
num__pub_rec,0.018499257264983963,1.0186714285663543
num__revol_bal,-0.04318772205257828,0.9577315858518354
num__revol_util,-0.010527862845204287,0.989527361136103
num__total_acc,-0.2092747943861494,0.8111722994199224
num__delinq_2yrs,0.016844872352088334,1.0169875472017624
num__inq_last_6mths,0.1770120410054643,1.1936454657321838
cat__term_60 months,0.9437085922102008,2.5694929718105692
cat__home_ownership_MORTGAGE,0.7741453157539171,2.168737748854522
cat__home_ownership_NONE,-0.539901930553141,0.5828054049751742
cat__home_ownership_OTHER,1.1396403299476867,3.125643962463792
cat__home_ownership_OWN,1.0218179163276222,2.778240785237934
cat__home_ownership_RENT,1.1750759354654259,3.2383888430656347
cat__purpose_credit_card,-0.029439572742613156,0.9709895501039325
cat__purpose_debt_consolidation,0.17360233814664022,1.1895824202006744
cat__purpose_educational,1.7937478483448868,6.011942143520795
cat__purpose_home_improvement,0.19199040145914384,1.211658886751756
cat__purpose_house,0.3652224069483893,1.4408344241039281
cat__purpose_major_purchase,0.3147218312950595,1.3698782007079646
cat__purpose_medical,0.5683528735337279,1.7653568893343345
cat__purpose_moving,0.6967393554381537,2.0071972689414648
cat__purpose_other,0.3021716224848145,1.3527933765485702
cat__purpose_renewable_energy,1.8173530984179607,6.15554374921712
cat__purpose_small_business,0.5407770639789694,1.7173408275262108
cat__purpose_vacation,0.4584538423576498,1.5816266493674267
cat__purpose_wedding,-0.15724051560071745,0.8544985138769162
cat__emp_length_10+ years,-0.06536139062094089,0.936728877169575
cat__emp_length_2 years,-0.11665823341811692,0.8898892756138226
cat__emp_length_3 years,-0.07931895534280577,0.9237452439716731
cat__emp_length_4 years,-0.0783680151765618,0.9246240882254657
cat__emp_length_5 years,-0.028867102469563692,0.9715455718945968
cat__emp_length_6 years,-0.08470827155500403,0.9187802796509136
cat__emp_length_7 years,-0.04059386355313982,0.9602190307113248
cat__emp_length_8 years,0.02709952499657912,1.0274700566288684
cat__emp_length_9 years,-0.10169536933504997,0.9033046840664262
cat__emp_length_< 1 year,-0.03778535878489006,0.9629196009447235
cat__emp_length_Missing,0.3321597432101004,1.3939755088503896
