mean_fit_time,std_fit_time,mean_score_time,std_score_time,param_model__alpha,param_model__l1_ratio,params,split0_test_rmse,split1_test_rmse,split2_test_rmse,split3_test_rmse,split4_test_rmse,mean_test_rmse,std_test_rmse,rank_test_rmse,split0_train_rmse,split1_train_rmse,split2_train_rmse,split3_train_rmse,split4_train_rmse,mean_train_rmse,std_train_rmse,split0_test_mae,split1_test_mae,split2_test_mae,split3_test_mae,split4_test_mae,mean_test_mae,std_test_mae,rank_test_mae,split0_train_mae,split1_train_mae,split2_train_mae,split3_train_mae,split4_train_mae,mean_train_mae,std_train_mae,split0_test_r2,split1_test_r2,split2_test_r2,split3_test_r2,split4_test_r2,mean_test_r2,std_test_r2,rank_test_r2,split0_train_r2,split1_train_r2,split2_train_r2,split3_train_r2,split4_train_r2,mean_train_r2,std_train_r2
2.030194711685181,0.975340177416604,0.02189950942993164,0.005815464634168127,0.0001,0.1,"{'model__alpha': np.float64(0.0001), 'model__l1_ratio': 0.1}",-3.767495241229906,-3.7101253672125107,-3.757344836685009,-3.699017080170997,-3.676268870363905,-3.7220502791324654,0.03487010048852438,12,-3.7023578806114767,-3.7178265113326843,-3.705340016864817,-3.719792371476007,-3.7253421486238127,-3.7141317857817597,0.008800971605417053,-2.8745216615128855,-2.829541085537204,-2.8608572476012912,-2.813135998946243,-2.828272176072682,-2.841265633934061,0.022748037468155752,12,-2.827525997815779,-2.837803454021695,-2.8336004848649554,-2.8416117682068207,-2.843518239859604,-2.836811988953771,0.00575392170607585,0.4144604237397278,0.404032166807645,0.4001276207482879,0.40433016577277325,0.41443439110950797,0.40747695363558833,0.005881433752594671,12,0.4084400252837991,0.4107606030484704,0.41197605272256954,0.41094631163740003,0.40847889912322055,0.4101203783630919,0.0014180000927939025
1.0077965259552002,0.731740894321599,0.016452217102050783,0.001755264384876729,0.0001,0.5,"{'model__alpha': np.float64(0.0001), 'model__l1_ratio': 0.5}",-3.7674912103772495,-3.710117708451095,-3.7573306783599794,-3.6990030460545698,-3.676264830924191,-3.722041494833417,0.03486962253730816,11,-3.702357931053629,-3.7178278990883817,-3.7053404595755497,-3.719792467593352,-3.725342171301258,-3.714132185722434,0.0088010043343543,-2.8745155767512793,-2.829549254081394,-2.8608432227364533,-2.813120817395973,-2.8282685860132624,-2.8412594913956726,0.02274716686306275,11,-2.827526947265504,-2.837814974375955,-2.833592505962508,-2.841609022584548,-2.843517755802905,-2.8368122411982837,0.00575433558306459,0.414461676679595,0.40403462730171624,0.40013214158546895,0.40433468572159526,0.41443567793360037,0.40747976184439516,0.0058801340581792145,11,0.4084400091645801,0.4107601631567862,0.4119759122094039,0.4109462811957669,0.4084788919216338,0.41012025152963416,0.0014179255429278912
0.9491631507873535,0.7901265945941874,0.06491632461547851,0.06006326411371555,0.0001,0.9,"{'model__alpha': np.float64(0.0001), 'model__l1_ratio': 0.9}",-3.7674873291846493,-3.710120351005131,-3.757323831791334,-3.698988671872462,-3.6762579592582796,-3.722035628622371,0.03487074830121422,9,-3.7023579616685147,-3.717828672498477,-3.7053406686649404,-3.719792753272753,-3.7253422463236983,-3.7141324604856765,0.00880107518463307,-2.874508654978209,-2.829554789533292,-2.8608341747690194,-2.813104301165991,-2.8282680353128606,-2.8412539911518744,0.022747165408243956,9,-2.8275275292875084,-2.8378202832155868,-2.833593401890815,-2.8416060609645526,-2.8435161435095324,-2.8368126837735987,0.00575336360111056,0.41446288309824875,0.4040337783414484,0.4001343277293462,0.4043393151771324,0.4144378670025687,0.4074816342697488,0.0058799966363828355,9,0.408439999381333,0.41075991800069056,0.4119758458459465,0.4109461907173214,0.40847886809705314,0.41012016440846893,0.0014178833393021734
0.8024768352508544,0.5607836891454198,0.019218587875366212,0.004724594466351613,0.00046415888336127773,0.1,"{'model__alpha': np.float64(0.00046415888336127773), 'model__l1_ratio': 0.1}",-3.7675025658018995,-3.7101117490395965,-3.7573137511345553,-3.6990020276139433,-3.676257645779106,-3.72203754787382,0.03487158636762163,10,-3.702358730529243,-3.717829117874432,-3.7053406659792745,-3.7197927238585713,-3.725342941079014,-3.714132835864107,0.008801080609325754,-2.8745271263390713,-2.8295727770961068,-2.860818465680821,-2.8131332148814896,-2.8282393858186357,-2.841258193963225,0.0227441371447977,10,-2.827528621417301,-2.837814096553335,-2.8336061132849797,-2.84160629437739,-2.8435232679143736,-2.8368156787094763,0.005753074534064683,0.414458146985186,0.4040365418501599,0.40013754652661504,0.4043350137287177,0.41443796686581424,0.40748104319129863,0.005878227598459695,10,0.40843975368531715,0.4107597768250728,0.4119758466983574,0.41094620003318216,0.40847864746632334,0.41012004494165055,0.0014179812168183224
0.28077497482299807,0.2276695513978756,0.03272337913513183,0.019140575178335107,0.00046415888336127773,0.5,"{'model__alpha': np.float64(0.00046415888336127773), 'model__l1_ratio': 0.5}",-3.7674881525911896,-3.7101317658538497,-3.757269789952521,-3.6989333689098536,-3.676231397340792,-3.722010894929641,0.03487353998931019,8,-3.7023588855213885,-3.717829515506915,-3.705341677445359,-3.7197940411900676,-3.725343043019348,-3.7141334325366153,0.008801065865267554,-2.8745037865742282,-2.8295972968571492,-2.8607720449182326,-2.8130576889920347,-2.8282338885724845,-2.841232941182826,0.022746138799789036,8,-2.8275314968866567,-2.837819124143589,-2.8336076722110604,-2.8415968921426655,-2.843513981815184,-2.836813833439831,0.0057484169980410406,0.41446262715305127,0.40403011114249876,0.40015158342105017,0.40435712629106024,0.4144463286486464,0.4074895553312614,0.0058761573015607355,8,0.4084397041562464,0.41075965078320364,0.4119755256662998,0.41094578281678396,0.40847861509352645,0.410119855703212,0.0014178564322859294
0.16048879623413087,0.022121548348293253,0.020784616470336914,0.00390962815464609,0.00046415888336127773,0.9,"{'model__alpha': np.float64(0.00046415888336127773), 'model__l1_ratio': 0.9}",-3.7674737642023035,-3.710143802467154,-3.757233110506294,-3.69888353970656,-3.6762097110833882,-3.7219887855931395,0.03487384519482665,6,-3.7023595195705905,-3.7178305356142647,-3.7053435692405237,-3.7197955824752906,-3.7253439396614163,-3.7141346293124173,0.008801030612651722,-2.8744831657598717,-2.8296214277215985,-2.8607314110056707,-2.8130202657337398,-2.8282211575672087,-2.841215485557618,0.02274139419682748,6,-2.827536233550204,-2.837823393341177,-2.8336207248100265,-2.8415897082347192,-2.8435103728678603,-2.8368160865607974,0.005743546093015657,0.41446709958826466,0.4040262441797158,0.4001632951168159,0.4043731742740697,0.4144532370441273,0.4074966100405987,0.005874677553155289,6,0.408439501540359,0.4107593274286814,0.4119749252238909,0.41094529467107566,0.4084783303503414,0.41011947584286973,0.0014177271514053224
0.5006709575653077,0.0431564954344052,0.017729568481445312,0.003799351478518033,0.002154434690031882,0.1,"{'model__alpha': np.float64(0.002154434690031882), 'model__l1_ratio': 0.1}",-3.7675469963807373,-3.7100928707130416,-3.7571790937990577,-3.6989415553613125,-3.6762108935096336,-3.721994281952756,0.03487753209889526,7,-3.7023711260207093,-3.71784252131455,-3.7053526374726413,-3.7198000166699683,-3.725353307061643,-3.7141439217079024,0.008800076886895877,-2.8745557386896246,-2.8296946323594194,-2.8606416224473667,-2.813133299067993,-2.8281068563465004,-2.8412264297821808,0.022724973446551486,7,-2.8275413654529182,-2.8378123198837377,-2.833629168316708,-2.8415872003485867,-2.843535678884476,-2.836821146577285,0.0057460543003146885,0.4144443361827177,0.40404260676944803,0.4001805423675522,0.4043544897435033,0.4144528603703105,0.40749496708670635,0.005864950271812136,7,0.40843579259305485,0.4107555281842491,0.4119720470268792,0.4109438903010031,0.40847535557685555,0.4101165227364084,0.0014180351830763956
0.14357242584228516,0.024038929955992282,0.018097972869873045,0.004587840104684334,0.002154434690031882,0.5,"{'model__alpha': np.float64(0.002154434690031882), 'model__l1_ratio': 0.5}",-3.767485832739919,-3.7101952828293085,-3.757022100123281,-3.698666322768957,-3.6761160285502568,-3.7218971134023446,0.03488439830477937,4,-3.702373881294894,-3.717845103380588,-3.7053683323006545,-3.7198064944588074,-3.72535985490041,-3.714150733267071,0.008798922912425941,-2.874442800364341,-2.829830551384246,-2.8604827751566977,-2.8128994648481895,-2.828060291546273,-2.84114317665995,0.022714443155408395,4,-2.827557943247811,-2.8378060082656202,-2.8336788099357393,-2.8415708838562086,-2.8435085088681267,-2.836824430834701,0.005725939795931531,0.41446334824845765,0.40400970511315903,0.40023066821553765,0.40444312859121556,0.41448308017571,0.40752598606881596,0.0058586356259862455,4,0.40843491211827787,0.410754709715657,0.41196706557542906,0.41094183869371326,0.40847327619748774,0.41011436046011307,0.0014171088829306841
0.13985347747802734,0.021217155702701003,0.025703048706054686,0.016210627845050094,0.002154434690031882,0.9,"{'model__alpha': np.float64(0.002154434690031882), 'model__l1_ratio': 0.9}",-3.7674275345188297,-3.710294076758658,-3.756965134961407,-3.6984640940578077,-3.676075846214394,-3.721845337302219,0.034888672548419916,3,-3.7023862974070716,-3.7178571455828107,-3.705384974885321,-3.7198183924421886,-3.7253748056863323,-3.7141643232007455,0.008798627189876368,-2.8743416409303677,-2.8299721199571284,-2.8604019633873996,-2.8128093678876276,-2.8279975349002644,-2.8411045254125575,0.022686721011248606,3,-2.8275873192748042,-2.8378002384462344,-2.8337213469009996,-2.841560241373959,-2.843520936590737,-2.836838016517347,0.005712717887569851,0.4144814693417205,0.40397796500110583,0.40024885586370373,0.40450825228470444,0.4144958802662174,0.40754248455149034,0.005858474313228862,3,0.40843094442023176,0.4107508925461736,0.41196178328821886,0.41093807042488906,0.4084685283033216,0.41011004379656696,0.0014169828645541169
0.19201741218566895,0.010672405711174978,0.01609516143798828,0.0004582868258898726,0.01,0.1,"{'model__alpha': np.float64(0.01), 'model__l1_ratio': 0.1}",-3.7679285685674335,-3.7102493899158326,-3.7568067680269848,-3.6987194513169226,-3.676066446831621,-3.7219541249317585,0.03495965125551428,5,-3.7025446612064234,-3.718014459222713,-3.7055473524107496,-3.719941591713886,-3.7255037390171997,-3.7143103607141947,0.008785725076512327,-2.874740731747444,-2.830374013324117,-2.859986659685617,-2.8131993574916287,-2.827724522049495,-2.84120505685966,0.022630711941167857,5,-2.827631112151371,-2.8378582082389054,-2.833838351883208,-2.8416351999850713,-2.843610917259013,-2.8369147579035134,0.00572121620895387,0.41432572156703995,0.4039923219130137,0.4002994172848746,0.404426019019117,0.41449887442114286,0.4075084708410376,0.005816801790813562,5,0.40838033645052263,0.41070102571191147,0.4119102440914606,0.41089905066917365,0.40842758238687693,0.410063647861989,0.0014159317466141575
0.11699380874633789,0.011908774572762921,0.015817689895629882,0.0003127951591330075,0.01,0.5,"{'model__alpha': np.float64(0.01), 'model__l1_ratio': 0.5}",-3.7677966824641866,-3.7106816114641665,-3.7567668305318813,-3.697652851188594,-3.67597098748994,-3.7217737926277534,0.035058158388671525,2,-3.702654464543862,-3.718110166449549,-3.7056787864328053,-3.7200478244985975,-3.725607755382454,-3.714419799461454,0.008778294213637319,-2.8743793635872517,-2.8309876291220966,-2.8597997684065595,-2.8123837571186825,-2.8276646362413795,-2.841043030895194,0.022647617098293056,1,-2.827764689951648,-2.8378516301978416,-2.8340598546259694,-2.8416428471711073,-2.8436634998851296,-2.836996504366339,0.005667784046337825,0.414366720723537,0.40385345126621075,0.40031216769406996,0.40476946095943866,0.41452928237329467,0.40756621660331016,0.005813068645111542,2,0.40834524556965246,0.4106706864557643,0.41186852481740654,0.4108654035129612,0.408394548426381,0.4100288817564331,0.0014143298594155918
0.10775141716003418,0.005259675059351153,0.017786073684692382,0.0029670362851763085,0.01,0.9,"{'model__alpha': np.float64(0.01), 'model__l1_ratio': 0.9}",-3.767798767206819,-3.7111830557527448,-3.7568943910631427,-3.696901076267789,-3.6759679295901044,-3.72174904397612,0.035158909176160394,1,-3.702894563793243,-3.718317525215571,-3.705894698000496,-3.7202748978752602,-3.725816001453613,-3.7146395372676366,0.008770574119701094,-2.874191902245073,-2.831627543095835,-2.8597737378442507,-2.812029993496017,-2.8276490914273884,-2.8410544536217133,0.02262517078955221,2,-2.8280259165819492,-2.8379753448140748,-2.8343580351021544,-2.8417745791768256,-2.8438156508760257,-2.837189905310206,0.005613106666853023,0.41436607265512737,0.40369231942488526,0.40027144235728696,0.40501147064532717,0.4145302564343374,0.4075743123033928,0.00582208043487982,1,0.40826851117836094,0.4106049509065838,0.41179998779867955,0.4107934792413701,0.40832840998013153,0.40995906782102515,0.0014155861329402603
0.10712633132934571,0.0034474146052419622,0.016388940811157226,0.001278635949176549,0.046415888336127774,0.1,"{'model__alpha': np.float64(0.046415888336127774), 'model__l1_ratio': 0.1}",-3.771777567927854,-3.712979433188473,-3.7583503885406975,-3.6992936927603726,-3.677469392061411,-3.7239740948957616,0.03566397010997597,13,-3.7051625903804903,-3.720595233116412,-3.708172803592437,-3.7224939083034605,-3.728103088966485,-3.7169055248718563,0.00876796840065497,-2.877396940928803,-2.835071774303041,-2.8595530229918222,-2.8142860598067934,-2.8282269157238935,-2.842906942750871,0.022639346105041067,13,-2.8296469248735456,-2.8395465632391095,-2.8361602737361387,-2.843581777903962,-2.8456261664329943,-2.83891234123715,0.005669270517704407,0.41312855911379176,0.4031149009043242,0.39980649850594874,0.4042410740316802,0.4140518842653246,0.4068685833642139,0.005686019487634097,13,0.40754341694010365,0.40988264522648343,0.4110766031878108,0.4100903885424628,0.4076017932946919,0.40923896943831056,0.0014192515497900582
0.10079989433288575,0.010746390527734066,0.015710163116455077,0.0004890227043428347,0.046415888336127774,0.5,"{'model__alpha': np.float64(0.046415888336127774), 'model__l1_ratio': 0.5}",-3.7732672978820387,-3.7161562807513078,-3.760820484857228,-3.696843787967324,-3.678530435017434,-3.725123657295066,0.03645042342814378,14,-3.707053771078893,-3.72238084612044,-3.709989566143209,-3.72456449186618,-3.729997885695733,-3.718797312180891,0.008798205180129874,-2.8782031118511244,-2.8385346556034876,-2.86062544963885,-2.8129890984620616,-2.8292407434374884,-2.8439186117986024,0.023046071134334684,14,-2.8315168128925707,-2.8408258250356266,-2.838092396220508,-2.845354476414127,-2.8471502756001117,-2.8405879572325885,0.005556146019659369,0.4126648771468001,0.40209306697709213,0.3990173102788981,0.40502991074790884,0.41371371377637245,0.4065037757854144,0.005789925248905734,14,0.40693846189479244,0.4093160831518555,0.410499393802931,0.40943394859438864,0.40699947119968505,0.40863747172873055,0.0014234692002632774
0.10746307373046875,0.01521292968381083,0.019662189483642577,0.004989797756560099,0.046415888336127774,0.9,"{'model__alpha': np.float64(0.046415888336127774), 'model__l1_ratio': 0.9}",-3.7768837583306367,-3.7216521554074924,-3.764952916788876,-3.6977904116105504,-3.681569226326058,-3.728569693692723,0.03704658753193732,15,-3.7107614026996596,-3.7260860384853483,-3.713553391724724,-3.728533862324273,-3.7336351170642947,-3.72251396245966,0.00884413353654983,-2.88068750144837,-2.844091683586698,-2.8630363866361885,-2.8149982733011965,-2.8317565389786394,-2.8469140767902186,0.023051717750154292,15,-2.8348913448089426,-2.8439471545530868,-2.841473404946288,-2.848709110159827,-2.8503468441631354,-2.8438735717262564,0.00550876217280762,0.41153848350658495,0.40032325366313604,0.3976958515561061,0.40472517249296336,0.4127446650855101,0.4054054852608601,0.005953277808353328,15,0.4057515606811466,0.40813958516573856,0.4093662982201448,0.40817451299104246,0.40584240258469484,0.40745487192855345,0.0014241904742421244
0.10133171081542969,0.007779579522066232,0.01817626953125,0.0035461323864598737,0.21544346900318823,0.1,"{'model__alpha': np.float64(0.21544346900318823), 'model__l1_ratio': 0.1}",-3.815327159541336,-3.7496944429047,-3.7921895994640686,-3.728291337250601,-3.711426463452613,-3.7593858005226637,0.03890092786733957,16,-3.7423786993895094,-3.757403873520379,-3.7451762594715117,-3.7597369203944395,-3.765430510487154,-3.754025252652599,0.008809824253218405,-2.9151173492143756,-2.876284882292036,-2.883389143668309,-2.8431974487412996,-2.857173586767521,-2.8750324821367084,0.024538167665216618,16,-2.8624675897165397,-2.871657237601372,-2.8698961202236015,-2.876554537727974,-2.8785639514419055,-2.871827887342279,0.005640776552925407,0.39949808397948117,0.3912521950880917,0.388949869559173,0.3948645194236229,0.40318085157852357,0.39554910392577847,0.005221493874842544,16,0.3955819106417241,0.39814857395927084,0.3992643532740494,0.3982274199396706,0.3956796988102259,0.3973803913249882,0.0014821445582032327
0.0911329746246338,0.010146694877506687,0.015354490280151368,0.0004085282587838983,0.21544346900318823,0.5,"{'model__alpha': np.float64(0.21544346900318823), 'model__l1_ratio': 0.5}",-3.833692736001927,-3.7713696802750025,-3.8156131214583087,-3.73773262574387,-3.7304827548587705,-3.777778183667576,0.04108404286761909,17,-3.762560693357375,-3.775316166279326,-3.7645183785319722,-3.7800453741362032,-3.7853923381516164,-3.7735665900912982,0.008807767845083626,-2.9302664553414624,-2.899263654887679,-2.8971275176232374,-2.8544639039732282,-2.8735474434723813,-2.8909337950595977,0.02564037872639696,17,-2.8799371999769745,-2.8862955383523046,-2.8875548195436513,-2.8936994092571173,-2.8954999175127187,-2.8885973769285536,0.005568839232054386,0.3937029806456689,0.3841940788957997,0.38137791158854384,0.39179582544073444,0.39703639072346764,0.3896214374588429,0.00589542923873092,17,0.38904529046867264,0.392396604890883,0.3930432815310556,0.3917088377608283,0.3892553000061001,0.39108986293150794,0.001640271093194523
0.0862013816833496,0.006563587602938166,0.016294193267822266,0.0009304554563916204,0.21544346900318823,0.9,"{'model__alpha': np.float64(0.21544346900318823), 'model__l1_ratio': 0.9}",-3.8587814126390643,-3.788244118157289,-3.837644593717641,-3.7512810113599273,-3.758713799270722,-3.798932987028929,0.04262151641431258,18,-3.786337546684628,-3.7957516507996027,-3.7865013256567095,-3.802244671840897,-3.8100142472775467,-3.796169888451877,0.009153144141804842,-2.9496291622108575,-2.9170151378072404,-2.91371327645387,-2.8695429701295763,-2.8967714799286903,-2.909334405306047,0.02624126904607398,18,-2.9005679248040206,-2.903655775816069,-2.9064205230189764,-2.9124386231292565,-2.9159473064665566,-2.9078060306469755,0.00564403592865795,0.38574148560913124,0.37867108486835954,0.3742133996035003,0.38737864536669997,0.387875805855571,0.38277608426065235,0.00540656864909147,18,0.3812992468479799,0.3858009851085027,0.38593392329770426,0.3845431627136484,0.3812843394461971,0.38377233148280643,0.0020827072515825066
0.09162187576293945,0.015672753078876597,0.018025636672973633,0.002217096709739201,1.0,0.1,"{'model__alpha': np.float64(1.0), 'model__l1_ratio': 0.1}",-4.098942801366795,-4.0071283613294035,-4.050354290624057,-3.9799623698123665,-3.978927772033081,-4.023063119033141,0.04596097078858474,19,-4.008138519781482,-4.023008421471846,-4.012447313242973,-4.027844790659663,-4.032564224288905,-4.020800653888974,0.009197647842818672,-3.165930835628688,-3.117943519977101,-3.115990801076633,-3.0755924186573074,-3.0998946777248184,-3.1150704506129094,0.029613170807393164,19,-3.1043785048671984,-3.112530473099423,-3.1109357747843487,-3.119578495602368,-3.1196733484149672,-3.1134193193536612,0.005757476868079771,0.3069021602226586,0.30479616538392773,0.3029197438396858,0.3104101418989246,0.31404892696712094,0.3078154276624635,0.0039876503800073265,19,0.30669005024092366,0.3100534938029089,0.3104630156171476,0.3093421777444001,0.30689266468161813,0.3086882804173997,0.0015911149575201617
0.0988051414489746,0.018986235826319097,0.020658159255981447,0.005548121608380809,1.0,0.5,"{'model__alpha': np.float64(1.0), 'model__l1_ratio': 0.5}",-4.243073926802532,-4.128811507368193,-4.178043597270424,-4.101918376442747,-4.115129304233429,-4.153395342423465,0.05170748033814894,20,-4.140568334170353,-4.154081541163361,-4.144320504214841,-4.163861323139957,-4.162614573288172,-4.153089255195337,0.009395937644401291,-3.2843818069008712,-3.2235052746626027,-3.2263558596042996,-3.1861653155479575,-3.220834149612174,-3.228248481265581,0.03163224754326665,20,-3.220587604691804,-3.2263246803410754,-3.2248221846615315,-3.2364311866916924,-3.231287192994583,-3.227890569876137,0.005471370624326536,0.2573023901285568,0.261933042468557,0.25827538724732313,0.2675011247477391,0.2662839817161119,0.26225918526165765,0.004104235612329458,20,0.26011895481080527,0.26436298982642337,0.2643935160288925,0.26190885559740285,0.26146631239798246,0.2624501257323013,0.0016811326413112943
0.08949251174926758,0.01558522890681749,0.01710205078125,0.0020544686554234263,1.0,0.9,"{'model__alpha': np.float64(1.0), 'model__l1_ratio': 0.9}",-4.334445983994139,-4.216829336861086,-4.26277023033757,-4.193274698618967,-4.202178116420149,-4.241899673246382,0.052098199176181276,21,-4.224994536532947,-4.248162489170518,-4.231831194178936,-4.254624746081193,-4.249999110420409,-4.2419224152768,0.011435965691787193,-3.363104912598186,-3.29876229287139,-3.30235505095373,-3.2668855386937286,-3.3005107445299764,-3.306323707929402,0.03126080669353584,21,-3.2954201485520525,-3.30990051518439,-3.301924080662851,-3.3161973594815772,-3.307846353859914,-3.306257691548157,0.007082704739148934,0.22497088170753166,0.23012946349586172,0.22788746367361812,0.23450993024452205,0.23491455139086959,0.2304824581024806,0.0038236123864060895,21,0.22963899357382012,0.23066449430413638,0.23299967016181455,0.22938048237319797,0.23013320656309422,0.23056336939521263,0.001294953288787815
