mean_fit_time,std_fit_time,mean_score_time,std_score_time,param_model__alpha,params,split0_test_rmse,split1_test_rmse,split2_test_rmse,split3_test_rmse,split4_test_rmse,mean_test_rmse,std_test_rmse,rank_test_rmse,split0_train_rmse,split1_train_rmse,split2_train_rmse,split3_train_rmse,split4_train_rmse,mean_train_rmse,std_train_rmse,split0_test_mae,split1_test_mae,split2_test_mae,split3_test_mae,split4_test_mae,mean_test_mae,std_test_mae,rank_test_mae,split0_train_mae,split1_train_mae,split2_train_mae,split3_train_mae,split4_train_mae,mean_train_mae,std_train_mae,split0_test_r2,split1_test_r2,split2_test_r2,split3_test_r2,split4_test_r2,mean_test_r2,std_test_r2,rank_test_r2,split0_train_r2,split1_train_r2,split2_train_r2,split3_train_r2,split4_train_r2,mean_train_r2,std_train_r2
0.1608644485473633,0.04675712173107272,0.02206587791442871,0.004276994740763884,0.001,{'model__alpha': np.float64(0.001)},-3.7674964385542955,-3.7101347890165144,-3.7573533667806993,-3.6990201485602254,-3.6762741193106905,-3.7220557724444854,0.03486971144049611,6,-3.7023575635989903,-3.7178261288374412,-3.705339981719256,-3.719792351426072,-3.725341893829788,-3.7141315838823097,0.00880096384442023,-2.8745094079141973,-2.8295308942651647,-2.8608679045440386,-2.81313510134346,-2.828286110666085,-2.841265883746589,0.022745973377231946,2,-2.82751995018825,-2.837795782803446,-2.8335985779319164,-2.8416135908255846,-2.8435090507264147,-2.836807390495122,0.005753985685537985,0.41446005156623733,0.4040291399022492,0.40012489702990295,0.40432917753853614,0.414432718976689,0.40747519700272294,0.005882090835593639,6,0.408440126587831,0.41076072429202715,0.4119760638775143,0.4109463179874794,0.40847898003715044,0.41012044255640046,0.0014179719582799381
0.13952784538269042,0.017405087820453975,0.025626516342163085,0.003461488778411974,0.01,{'model__alpha': np.float64(0.01)},-3.7674964383476244,-3.710134765393102,-3.757353350952336,-3.6990201498440873,-3.6762741088885353,-3.7220557626851365,0.03486971236444429,5,-3.702357563600888,-3.717826128839948,-3.705339981719774,-3.7197923514262663,-3.7253418938314606,-3.7141315838836677,0.008800963844470606,-2.8745094378941016,-2.8295309184595494,-2.8608678825331864,-2.8131351145688157,-2.828286076042582,-2.8412658858996473,0.02274597653055385,3,-2.8275199624068263,-2.8377957990483473,-2.833598584961744,-2.841613587688861,-2.8435090723059786,-2.8368074012823516,0.005753986017933577,0.4144600516304785,0.4040291474916584,0.4001249020840142,0.40432917712504335,0.41443272229682937,0.4074752001256048,0.005882089528125513,5,0.4084401265872246,0.41076072429123256,0.41197606387734986,0.41094631798741776,0.4084789800366193,0.4101204425559688,0.0014179719584246555
0.129923677444458,0.023867939859434854,0.024946832656860353,0.011557348821970572,0.1,{'model__alpha': np.float64(0.1)},-3.767496436833063,-3.7101345300086632,-3.7573531925506436,-3.699020162575647,-3.6762740051797747,-3.7220556654295587,0.03486972154546639,4,-3.7023575637886412,-3.7178261290890813,-3.7053399817713366,-3.719792351445688,-3.7253418939972933,-3.7141315840184084,0.008800963849594603,-2.8745097365021084,-2.829531160020695,-2.860867662272624,-2.8131352465483905,-2.8282857305342857,-2.8412659071756208,0.022746007715316697,4,-2.8275200840087282,-2.8377959606618908,-2.833598654970437,-2.841613556282797,-2.8435092869468863,-2.8368075085741475,0.0057539892591712055,0.41446005210126124,0.40402922311277134,0.4001249526628231,0.4043291730245958,0.4144327553348749,0.40747523124726526,0.005882076392982646,4,0.4084401265272264,0.4107607242122622,0.4119760638609843,0.4109463179812666,0.40847897998395644,0.41012044251313917,0.001417971972705388
0.11529946327209473,0.020053782031718374,0.019141197204589844,0.002944143389204288,1.0,{'model__alpha': np.float64(1.0)},-3.76749647406417,-3.7101322574222833,-3.757351597299988,-3.699020279675257,-3.6762730156475376,-3.7220547248218474,0.03486980805214242,3,-3.7023575812871146,-3.717826152391727,-3.705339986736107,-3.7197923533709734,-3.7253419092634132,-3.7141315966098674,0.008800964268950856,-2.8745126086470076,-2.829533538897227,-2.8608654451004765,-2.8131365446144665,-2.828282344497181,-2.841266096351272,0.022746285185753463,5,-2.8275212463854085,-2.837797501978859,-2.833599327253631,-2.841613238527682,-2.8435113237064082,-2.8368085275703976,0.005754013421721411,0.4144600405284298,0.40402995321818647,0.4001254620378062,0.40432913531037995,0.41443307056577827,0.40747553233211614,0.005881939408006156,3,0.4084401209354409,0.41076071682577686,0.41197606228520234,0.41094631737150333,0.4084789751359553,0.41012043851077573,0.0014179732698701023
0.10365586280822754,0.006848956224234115,0.018354272842407225,0.003453364602272956,10.0,{'model__alpha': np.float64(10.0)},-3.7675002538193483,-3.710115139491743,-3.75733493376607,-3.6990207605259062,-3.676265729879252,-3.722047363496464,0.034870440906187856,2,-3.7023585896532234,-3.717827511675324,-3.7053403668657556,-3.719792535782565,-3.7253427249037063,-3.7141323457761146,0.00880096390763717,-2.8745334949232606,-2.829554914523583,-2.8608427236502765,-2.8131480388213284,-2.8282535898000996,-2.841266552343709,0.02274672024233274,6,-2.827529070542497,-2.837807435716423,-2.8336042319963983,-2.841609846512848,-2.8435246216338137,-2.8368150412803956,0.005753816494399139,0.41445886563745415,0.4040354526180042,0.40013078281084824,0.40432898044302656,0.41443539155810805,0.40747789461348827,0.005880252364610621,2,0.4084397987034569,0.4107602859592403,0.41197594163481943,0.4109462595993417,0.4084787161162752,0.4101202004026267,0.0014180323952600416
0.11477470397949219,0.012942168661904454,0.025880098342895508,0.01577123545876837,100.0,{'model__alpha': np.float64(100.0)},-3.767604360686612,-3.71006619961995,-3.75717857016261,-3.6990151398079925,-3.6762220206532565,-3.722017258186084,0.034881602043837494,1,-3.7023834709728383,-3.7178564055815744,-3.7053631184849096,-3.7198086475211625,-3.725363537331375,-3.714155035978372,0.008799562703770159,-2.874624651003697,-2.8297315704184376,-2.860610111191975,-2.8132352561298863,-2.8280605202310225,-2.8412524217950037,0.02271626587433994,1,-2.8275453925972007,-2.8378165612123647,-2.833627964066517,-2.8415896688069813,-2.8435517241777024,-2.836826262172153,0.005749195160814206,0.41442650481925647,0.40405117516842604,0.4001807095607044,0.404330790703873,0.4144493157004481,0.4074876991905416,0.005861381986910825,1,0.4084318476379176,0.4107511271141021,0.41196872041399846,0.41094115678764054,0.4084721067762851,0.4101129917459888,0.0014181362395359622
0.10961451530456542,0.018856499605719453,0.021590805053710936,0.0053328181047974915,1000.0,{'model__alpha': np.float64(1000.0)},-3.7699366934158003,-3.7112581699644025,-3.7572289339214997,-3.699501194172788,-3.6766863643964243,-3.7229222711741827,0.03524105613647261,7,-3.7036694692497605,-3.719146295002518,-3.706681373070967,-3.7210127410900697,-3.7266127043890718,-3.715424516560477,0.008773586842426996,-2.8762514320418506,-2.8324551409814904,-2.8594108475785935,-2.814167861383602,-2.8276970213422463,-2.8419964606655563,0.022568144007950038,7,-2.8284084999502683,-2.8385589891496736,-2.8347460218877467,-2.842425243711113,-2.8444942744663257,-2.8377266058330255,0.0057320568127421185,0.41370128272514783,0.4036681806885606,0.4001646286872357,0.4041742373347619,0.41430138450005705,0.4072019427871526,0.005724015319359637,7,0.4080208217394451,0.410342183005021,0.41155023898694054,0.4105597410598346,0.4080753449380363,0.40970966594585556,0.0014165884765334016
0.1029442310333252,0.007453040029252072,0.016920804977416992,0.0007307045206451048,10000.0,{'model__alpha': np.float64(10000.0)},-3.8430419881785216,-3.7730383289096783,-3.813644953787462,-3.754760483271749,-3.7372387746149327,-3.7843449057524685,0.038796661259314934,8,-3.767225243533062,-3.7823314406438877,-3.770352464218406,-3.784383831384715,-3.7904561814145223,-3.7789498322389186,0.008772005593632793,-2.9405001783904616,-2.8992921051668126,-2.903306810734063,-2.868618810669285,-2.880317841145803,-2.8984071492212857,0.024540501685746917,8,-2.8853899144435666,-2.8947369846508724,-2.892984621025184,-2.8992391817411867,-2.9018296979385565,-2.894836079959873,0.005673900964185648,0.39074221360973105,0.383649029685447,0.38201594167052677,0.3862416538357416,0.3948504415779305,0.3874998560758754,0.004712308215128982,8,0.3875295166987379,0.3901364154835162,0.3911605539045304,0.390311733021929,0.3876201806994043,0.38935167996162356,0.0014918381487899588
0.09444084167480468,0.003908279170017554,0.017426681518554688,0.0018393722162577308,100000.0,{'model__alpha': np.float64(100000.0)},-4.423622600324897,-4.316976419058694,-4.358462191312555,-4.297735628318108,-4.302345978637161,-4.339828563530283,0.04704812973681793,9,-4.322198000084984,-4.342450001748028,-4.332593824808418,-4.346401937101342,-4.3487681858624825,-4.338482389921051,0.00983987114466353,-3.4458849341047526,-3.385138380688302,-3.3901666901934324,-3.351515982081221,-3.3857290723001143,-3.3916870118735645,0.030436226445234076,9,-3.3792030433239306,-3.3921320318534014,-3.3885759864534997,-3.397952335929278,-3.3942010514293273,-3.3904128897978874,0.006374695879606994,0.19275202237134537,0.19312733526862957,0.19283314232853954,0.19589580599566436,0.19800494195940133,0.19452264958471605,0.0020951551851735206,9,0.1937842008999323,0.19613487070769275,0.1960392764947012,0.19577558781149595,0.1939343298754932,0.19513365315786307,0.0010482431055739356
