Feature,Coefficient,Absolute coefficient
cat__term_60 months,1.7901425580576638,1.7901425580576638
num__fico_range_low,-1.72423236152521,1.72423236152521
num__inq_last_6mths,0.8300890265459551,0.8300890265459551
cat__purpose_credit_card,-0.7035675199414654,0.7035675199414654
num__revol_util,0.5046503472405438,0.5046503472405438
num__dti,0.47336164862046654,0.47336164862046654
num__total_acc,-0.458545838397284,0.458545838397284
cat__purpose_other,0.334415049209419,0.334415049209419
num__revol_bal,-0.29957967733113383,0.29957967733113383
cat__home_ownership_MORTGAGE,-0.29599769993040215,0.29599769993040215
cat__purpose_small_business,0.26537731480840593,0.26537731480840593
num__loan_amnt,0.2570593391096971,0.2570593391096971
num__annual_inc,-0.15955083631741532,0.15955083631741532
num__open_acc,0.156494447750536,0.156494447750536
cat__purpose_moving,0.13648923551963935,0.13648923551963935
cat__emp_length_Missing,0.13078543987641617,0.13078543987641617
num__pub_rec,-0.11856378263947072,0.11856378263947072
cat__purpose_vacation,0.11537433649373109,0.11537433649373109
cat__purpose_house,0.1106818113185593,0.1106818113185593
cat__purpose_debt_consolidation,-0.09138298924362437,0.09138298924362437
cat__purpose_medical,0.08360367233170224,0.08360367233170224
cat__purpose_renewable_energy,0.05290951352282813,0.05290951352282813
cat__purpose_major_purchase,0.03211196430188399,0.03211196430188399
cat__purpose_wedding,0.026001732078905614,0.026001732078905614
cat__emp_length_9 years,-0.024128272443964042,0.024128272443964042
cat__home_ownership_RENT,0.019391131983652464,0.019391131983652464
cat__emp_length_4 years,0.009256685618238603,0.009256685618238603
num__delinq_2yrs,0.007877526657636037,0.007877526657636037
cat__emp_length_8 years,-0.00770779811884004,0.00770779811884004
cat__emp_length_< 1 year,-0.0033877141168911834,0.0033877141168911834
cat__emp_length_2 years,0.0027979604704240287,0.0027979604704240287
cat__emp_length_3 years,-0.0001480666214440005,0.0001480666214440005
cat__purpose_educational,-0.0,0.0
cat__purpose_home_improvement,-0.0,0.0
cat__home_ownership_OTHER,0.0,0.0
cat__home_ownership_OWN,0.0,0.0
cat__emp_length_10+ years,0.0,0.0
cat__emp_length_7 years,0.0,0.0
cat__emp_length_5 years,-0.0,0.0
cat__emp_length_6 years,0.0,0.0
